[
  { "question": "Which animal is known as the King of the Jungle?", "options": ["Elephant", "Lion", "Tiger", "Giraffe"], "answer": 1 },
  { "question": "How many legs does a spider have?", "options": ["6", "8", "10", "12"], "answer": 1 },
  { "question": "Which planet is closest to the Sun?", "options": ["Venus", "Earth", "Mercury", "Mars"], "answer": 2 },
  { "question": "What is the name of the toy cowboy in Toy Story?", "options": ["Buzz", "Woody", "Jessie", "Rex"], "answer": 1 },
  { "question": "Which gas do plants breathe in?", "options": ["Oxygen", "Carbon Dioxide", "Nitrogen", "Helium"], "answer": 1 },
  { "question": "How many continents are there on Earth?", "options": ["5", "6", "7", "8"], "answer": 2 },
  { "question": "What is the hardest natural substance on Earth?", "options": ["Gold", "Iron", "Diamond", "Silver"], "answer": 2 },
  { "question": "Which fairy tale character slept for 100 years?", "options": ["Cinderella", "Sleeping Beauty", "Snow White", "Rapunzel"], "answer": 1 },
  { "question": "What is the largest mammal in the world?", "options": ["Elephant", "Blue Whale", "Giraffe", "Shark"], "answer": 1 },
  { "question": "How many zeros are there in the number one thousand?", "options": ["Two", "Three", "Four", "Five"], "answer": 1 },
  { "question": "Which country is home to the Kangaroo?", "options": ["India", "USA", "Australia", "Africa"], "answer": 2 },
  { "question": "What color is a ruby?", "options": ["Blue", "Red", "Green", "Yellow"], "answer": 1 },
  { "question": "Which body part pumps blood?", "options": ["Brain", "Lungs", "Heart", "Stomach"], "answer": 2 },
  { "question": "What is the boiling point of water?", "options": ["50°C", "90°C", "100°C", "120°C"], "answer": 2 },
  { "question": "Which bird lays the largest egg?", "options": ["Ostrich", "Eagle", "Peacock", "Penguin"], "answer": 0 },
  { "question": "What is the name of Harry Potter's pet owl?", "options": ["Dobby", "Hedwig", "Scabbers", "Fang"], "answer": 1 },
  { "question": "How many sides does a hexagon have?", "options": ["5", "6", "7", "8"], "answer": 1 },
  { "question": "Which fruit has seeds on the outside?", "options": ["Apple", "Strawberry", "Watermelon", "Banana"], "answer": 1 },
  { "question": "Who discovered gravity when an apple fell on his head?", "options": ["Einstein", "Isaac Newton", "Edison", "Tesla"], "answer": 1 },
  { "question": "Which Disney princess has a raccoon as a friend?", "options": ["Ariel", "Pocahontas", "Mulan", "Tiana"], "answer": 1 },
  { "question": "What is the capital of France?", "options": ["London", "Berlin", "Paris", "Rome"], "answer": 2 },
  { "question": "Which animal can sleep standing up?", "options": ["Dog", "Cat", "Horse", "Lion"], "answer": 2 },
  { "question": "What do caterpillars turn into?", "options": ["Worms", "Butterflies", "Spiders", "Beetles"], "answer": 1 },
  { "question": "Which superhero is known as the 'Man of Steel'?", "options": ["Batman", "Iron Man", "Superman", "Thor"], "answer": 2 },
  { "question": "How many days are in a leap year?", "options": ["365", "366", "364", "360"], "answer": 1 },
  { "question": "What is the largest planet in our solar system?", "options": ["Earth", "Mars", "Jupiter", "Saturn"], "answer": 2 },
  { "question": "Which ocean is the largest?", "options": ["Atlantic", "Indian", "Pacific", "Arctic"], "answer": 2 },
  { "question": "What color do you get if you mix Blue and Yellow?", "options": ["Purple", "Green", "Orange", "Brown"], "answer": 1 },
  { "question": "Who lives in a pineapple under the sea?", "options": ["Patrick", "SpongeBob", "Squidward", "Mr. Krabs"], "answer": 1 },
  { "question": "What is the fastest land animal?", "options": ["Lion", "Cheetah", "Horse", "Tiger"], "answer": 1 },
  { "question": "Which instrument has black and white keys?", "options": ["Guitar", "Violin", "Piano", "Flute"], "answer": 2 },
  { "question": "What is the baby of a frog called?", "options": ["Larva", "Pup", "Tadpole", "Cub"], "answer": 2 },
  { "question": "Which festival is called the festival of colors?", "options": ["Diwali", "Holi", "Eid", "Christmas"], "answer": 1 },
  { "question": "How many players are in a cricket team?", "options": ["9", "10", "11", "12"], "answer": 2 },
  { "question": "Which geometric shape looks like a ball?", "options": ["Cube", "Sphere", "Pyramid", "Cylinder"], "answer": 1 },
  { "question": "What is the main source of energy for the Earth?", "options": ["The Moon", "The Sun", "Fire", "Electricity"], "answer": 1 },
  { "question": "Which animal has a hump on its back?", "options": ["Horse", "Camel", "Donkey", "Giraffe"], "answer": 1 },
  { "question": "What falls in winter but never gets hurt?", "options": ["Rain", "Snow", "Leaves", "Sunlight"], "answer": 1 },
  { "question": "Which movie features a lion cub named Simba?", "options": ["The Jungle Book", "Tarzan", "The Lion King", "Madagascar"], "answer": 2 },
  { "question": "Which organ helps you think?", "options": ["Heart", "Lungs", "Brain", "Stomach"], "answer": 2 },
  { "question": "What is 12 + 15?", "options": ["25", "27", "30", "22"], "answer": 1 },
  { "question": "Which bird is the symbol of peace?", "options": ["Eagle", "Pigeon", "Dove", "Parrot"], "answer": 2 },
  { "question": "What is the opposite of 'Cold'?", "options": ["Freezing", "Hot", "Cool", "Warm"], "answer": 1 },
  { "question": "How many colors are in a rainbow?", "options": ["5", "6", "7", "8"], "answer": 2 },
  { "question": "What do you call a house made of ice?", "options": ["Tent", "Hut", "Igloo", "Cabin"], "answer": 2 },
  { "question": "Which animal has a long neck?", "options": ["Elephant", "Zebra", "Giraffe", "Hippo"], "answer": 2 },
  { "question": "What is the national bird of India?", "options": ["Parrot", "Peacock", "Sparrow", "Crow"], "answer": 1 },
  { "question": "Which season comes after summer?", "options": ["Winter", "Spring", "Monsoon", "Autumn"], "answer": 2 },
  { "question": "What do you use to brush your teeth?", "options": ["Comb", "Toothbrush", "Spoon", "Pencil"], "answer": 1 },
  { "question": "Which planet has a ring around it?", "options": ["Mars", "Venus", "Saturn", "Mercury"], "answer": 2 }
]