[
  { "question": "Who was the first Prime Minister of India?", "options": ["Sardar Patel", "Jawaharlal Nehru", "Indira Gandhi", "Lal Bahadur Shastri"], "answer": 1 },
  { "question": "Which year did the Titanic sink?", "options": ["1905", "1912", "1915", "1920"], "answer": 1 },
  { "question": "Who is known as the 'Nightingale of India'?", "options": ["Lata Mangeshkar", "Asha Bhosle", "Sarojini Naidu", "Indira Gandhi"], "answer": 2 },
  { "question": "Which movie features the character 'Gabbar Singh'?", "options": ["Deewar", "Sholay", "Don", "Zanjeer"], "answer": 1 },
  { "question": "What is the capital of Australia?", "options": ["Sydney", "Melbourne", "Canberra", "Perth"], "answer": 2 },
  { "question": "Who wrote 'Discovery of India'?", "options": ["Mahatma Gandhi", "Jawaharlal Nehru", "Subhash Chandra Bose", "Rabindranath Tagore"], "answer": 1 },
  { "question": "Which gas is most abundant in the Earth's atmosphere?", "options": ["Oxygen", "Carbon Dioxide", "Nitrogen", "Hydrogen"], "answer": 2 },
  { "question": "In which year did India win its first Cricket World Cup?", "options": ["1975", "1979", "1983", "1987"], "answer": 2 },
  { "question": "Who was the first woman Prime Minister of India?", "options": ["Sonia Gandhi", "Indira Gandhi", "Pratibha Patil", "Sushma Swaraj"], "answer": 1 },
  { "question": "Which vitamin helps in blood clotting?", "options": ["Vitamin A", "Vitamin C", "Vitamin K", "Vitamin D"], "answer": 2 },
  { "question": "What is the old name of Mumbai?", "options": ["Madras", "Bombay", "Calcutta", "Poona"], "answer": 1 },
  { "question": "Who invented the telephone?", "options": ["Thomas Edison", "Alexander Graham Bell", "Nikola Tesla", "Marconi"], "answer": 1 },
  { "question": "Which planet is known as the Morning Star?", "options": ["Mars", "Venus", "Jupiter", "Saturn"], "answer": 1 },
  { "question": "Who composed the music for 'Jai Ho'?", "options": ["Anu Malik", "A.R. Rahman", "Ilaiyaraaja", "Shankar Mahadevan"], "answer": 1 },
  { "question": "Which bank is the central bank of India?", "options": ["SBI", "HDFC", "RBI", "ICICI"], "answer": 2 },
  { "question": "Which epic features the war of Kurukshetra?", "options": ["Ramayana", "Mahabharata", "Vedas", "Upanishads"], "answer": 1 },
  { "question": "What is the currency of the UK?", "options": ["Euro", "Dollar", "Pound Sterling", "Franc"], "answer": 2 },
  { "question": "Who was the first President of India?", "options": ["Dr. Rajendra Prasad", "Dr. S. Radhakrishnan", "Zakir Husain", "V.V. Giri"], "answer": 0 },
  { "question": "Which city is called the 'City of Joy'?", "options": ["Delhi", "Mumbai", "Kolkata", "Chennai"], "answer": 2 },
  { "question": "Who is the author of 'Gitanjali'?", "options": ["Premchand", "Rabindranath Tagore", "R.K. Narayan", "Ruskin Bond"], "answer": 1 },
  { "question": "Which organ purifies blood in the human body?", "options": ["Heart", "Lungs", "Kidney", "Liver"], "answer": 2 },
  { "question": "How many years are there in a Silver Jubilee?", "options": ["20", "25", "50", "75"], "answer": 1 },
  { "question": "Who directed the movie 'Mother India'?", "options": ["Raj Kapoor", "Mehboob Khan", "Guru Dutt", "Bimal Roy"], "answer": 1 },
  { "question": "Which state is known as the 'Spice Garden of India'?", "options": ["Tamil Nadu", "Karnataka", "Kerala", "Andhra Pradesh"], "answer": 2 },
  { "question": "What is the full form of 'News'?", "options": ["North East West South", "New Events World Stories", "Notable Events Weather Sports", "None of these"], "answer": 0 },
  { "question": "Which Mughal emperor built the Taj Mahal?", "options": ["Akbar", "Jahangir", "Shah Jahan", "Aurangzeb"], "answer": 2 },
  { "question": "What is the smallest state in India by area?", "options": ["Sikkim", "Goa", "Tripura", "Manipur"], "answer": 1 },
  { "question": "Who gave the slogan 'Tum mujhe khoon do, main tumhe azadi dunga'?", "options": ["Bhagat Singh", "Subhash Chandra Bose", "Chandrashekhar Azad", "Sardar Patel"], "answer": 1 },
  { "question": "Which ocean is to the south of India?", "options": ["Arabian Sea", "Bay of Bengal", "Indian Ocean", "Pacific Ocean"], "answer": 2 },
  { "question": "What represents the wheel in the Indian flag?", "options": ["Peace", "Progress/Dharma", "Strength", "Truth"], "answer": 1 },
  { "question": "Who is known as the 'Iron Man of India'?", "options": ["Subhash Chandra Bose", "Sardar Vallabhbhai Patel", "B.R. Ambedkar", "Lal Bahadur Shastri"], "answer": 1 },
  { "question": "Which is the longest river in India?", "options": ["Yamuna", "Godavari", "Ganga", "Narmada"], "answer": 2 },
  { "question": "What is the term for a period of 100 years?", "options": ["Decade", "Century", "Millennium", "Era"], "answer": 1 },
  { "question": "Who was the first Indian to go to space?", "options": ["Kalpana Chawla", "Rakesh Sharma", "Sunita Williams", "Vikram Sarabhai"], "answer": 1 },
  { "question": "Which classic film featured Raj Kapoor and Nargis in the rain under an umbrella?", "options": ["Awaara", "Shree 420", "Bobby", "Sangam"], "answer": 1 },
  { "question": "Which disease is caused by the lack of Insulin?", "options": ["Diabetes", "Malaria", "Typhoid", "Cholera"], "answer": 0 },
  { "question": "What is the retirement age for Supreme Court judges in India?", "options": ["60", "62", "65", "70"], "answer": 2 },
  { "question": "Which country is called the Land of the Rising Sun?", "options": ["China", "Japan", "Thailand", "South Korea"], "answer": 1 },
  { "question": "Who wrote 'Vande Mataram'?", "options": ["Rabindranath Tagore", "Bankim Chandra Chatterjee", "Subramania Bharati", "Sarojini Naidu"], "answer": 1 },
  { "question": "Which blood group is known as the 'Universal Donor'?", "options": ["A+", "B+", "AB+", "O-"], "answer": 3 },
  { "question": "Which Indian city hosted the 2010 Commonwealth Games?", "options": ["Mumbai", "Delhi", "Pune", "Bangalore"], "answer": 1 },
  { "question": "What does 'GDP' stand for?", "options": ["Gross Domestic Product", "General Domestic Prices", "Global Development Plan", "Gross Daily Profit"], "answer": 0 },
  { "question": "Who is the 'Flying Sikh' of India?", "options": ["Kapil Dev", "Milkha Singh", "Dhyan Chand", "Harbhajan Singh"], "answer": 1 },
  { "question": "In which state is the Ajanta and Ellora caves located?", "options": ["Madhya Pradesh", "Maharashtra", "Karnataka", "Gujarat"], "answer": 1 },
  { "question": "Who was the famous Shehnai maestro?", "options": ["Ravi Shankar", "Zakir Hussain", "Bismillah Khan", "Hariprasad Chaurasia"], "answer": 2 },
  { "question": "Which is the largest gland in the human body?", "options": ["Pancreas", "Thyroid", "Liver", "Pituitary"], "answer": 2 },
  { "question": "When is Republic Day celebrated in India?", "options": ["August 15", "October 2", "January 26", "November 14"], "answer": 2 },
  { "question": "Which metal is used in thermometers?", "options": ["Silver", "Mercury", "Lead", "Iron"], "answer": 1 },
  { "question": "What is the main component of Biogas?", "options": ["Methane", "Propane", "Butane", "Ethane"], "answer": 0 },
  { "question": "Who was the Defense Minister of India during the 1971 war?", "options": ["Arun Jaitley", "Jagjivan Ram", "V.K. Krishna Menon", "Yashwantrao Chavan"], "answer": 1 }
]