[
  { "question": "What is the chemical symbol for Gold?", "options": ["Ag", "Au", "Pb", "Fe"], "answer": 1 },
  { "question": "Which company owns Instagram?", "options": ["Google", "Meta", "Twitter", "Apple"], "answer": 1 },
  { "question": "Who has the most followers on Instagram (as of 2024)?", "options": ["Messi", "Ronaldo", "Selena Gomez", "The Rock"], "answer": 1 },
  { "question": "What does 'HTTP' stand for?", "options": ["HyperText Transfer Protocol", "HighText Transfer Protocol", "HyperText Transmission Process", "HyperTech Transfer Post"], "answer": 0 },
  { "question": "Which planet is known as the 'Red Planet'?", "options": ["Venus", "Jupiter", "Mars", "Saturn"], "answer": 2 },
  { "question": "Who wrote the song 'Shape of You'?", "options": ["Justin Bieber", "Ed Sheeran", "Drake", "The Weeknd"], "answer": 1 },
  { "question": "Which team won the 2011 Cricket World Cup?", "options": ["Australia", "Sri Lanka", "India", "England"], "answer": 2 },
  { "question": "What is the capital of Canada?", "options": ["Toronto", "Vancouver", "Ottawa", "Montreal"], "answer": 2 },
  { "question": "In which movie does Thanos snap his fingers?", "options": ["Avengers: Age of Ultron", "Avengers: Endgame", "Avengers: Infinity War", "Civil War"], "answer": 2 },
  { "question": "What is the largest bone in the human body?", "options": ["Skull", "Spine", "Femur", "Rib"], "answer": 2 },
  { "question": "Which programming language is known as the language of the web?", "options": ["Python", "C++", "Java", "JavaScript"], "answer": 3 },
  { "question": "Who is the CEO of Tesla?", "options": ["Jeff Bezos", "Bill Gates", "Elon Musk", "Tim Cook"], "answer": 2 },
  { "question": "Which country invented pizza?", "options": ["USA", "France", "Italy", "Spain"], "answer": 2 },
  { "question": "What is the value of Pi (approx)?", "options": ["3.12", "3.14", "3.16", "3.18"], "answer": 1 },
  { "question": "Which fictional city is Batman from?", "options": ["Metropolis", "Gotham", "Star City", "Central City"], "answer": 1 },
  { "question": "What is the hardest rock?", "options": ["Granite", "Diamond", "Marble", "Quartz"], "answer": 1 },
  { "question": "How many players are there in a standard football (soccer) team?", "options": ["10", "11", "12", "9"], "answer": 1 },
  { "question": "Which app uses short videos and is banned in some countries?", "options": ["Snapchat", "TikTok", "Vine", "Reels"], "answer": 1 },
  { "question": "What is the currency of Japan?", "options": ["Yuan", "Won", "Yen", "Dollar"], "answer": 2 },
  { "question": "Who is the 'King of Pop'?", "options": ["Elvis Presley", "Michael Jackson", "Prince", "Freddie Mercury"], "answer": 1 },
  { "question": "Which gas is used in balloons to make them float?", "options": ["Oxygen", "Hydrogen", "Helium", "Nitrogen"], "answer": 2 },
  { "question": "Which part of the computer is the 'brain'?", "options": ["RAM", "Hard Drive", "CPU", "GPU"], "answer": 2 },
  { "question": "In 'Friends', what is Joey's famous line?", "options": ["We were on a break!", "How you doin'?", "Pivot!", "Oh my God!"], "answer": 1 },
  { "question": "Which country has the largest population?", "options": ["China", "USA", "India", "Russia"], "answer": 2 },
  { "question": "What is the freezing point of water?", "options": ["0°C", "10°C", "-10°C", "100°C"], "answer": 0 },
  { "question": "Which brand has a 'Swoosh' logo?", "options": ["Adidas", "Puma", "Nike", "Reebok"], "answer": 2 },
  { "question": "Who painted the Mona Lisa?", "options": ["Picasso", "Van Gogh", "Da Vinci", "Michelangelo"], "answer": 2 },
  { "question": "What represents the '1' and '0' in binary?", "options": ["On/Off", "Yes/No", "High/Low", "True/False"], "answer": 0 },
  { "question": "Which is the smallest continent?", "options": ["Europe", "Antarctica", "Australia", "South America"], "answer": 2 },
  { "question": "Who founded Microsoft?", "options": ["Steve Jobs", "Bill Gates", "Mark Zuckerberg", "Larry Page"], "answer": 1 },
  { "question": "Which film won the Oscar for Best Picture in 2020 (Korean movie)?", "options": ["Minari", "Parasite", "Train to Busan", "Squid Game"], "answer": 1 },
  { "question": "How many hearts does an octopus have?", "options": ["1", "2", "3", "4"], "answer": 2 },
  { "question": "What is the national sport of India (unofficially)?", "options": ["Cricket", "Hockey", "Kabaddi", "Football"], "answer": 1 },
  { "question": "Which element has the atomic number 1?", "options": ["Helium", "Oxygen", "Hydrogen", "Carbon"], "answer": 2 },
  { "question": "What does 'LOL' stand for?", "options": ["Lots of Love", "Laugh Out Loud", "Lord of Lords", "League of Legends"], "answer": 1 },
  { "question": "Which gaming console is made by Sony?", "options": ["Xbox", "Switch", "PlayStation", "Wii"], "answer": 2 },
  { "question": "Which planet has the most moons?", "options": ["Jupiter", "Saturn", "Uranus", "Mars"], "answer": 1 },
  { "question": "Who is known as 'Captain Cool' in cricket?", "options": ["Virat Kohli", "Rohit Sharma", "MS Dhoni", "Sachin Tendulkar"], "answer": 2 },
  { "question": "What is the speed of light?", "options": ["300,000 km/s", "150,000 km/s", "100,000 km/s", "500,000 km/s"], "answer": 0 },
  { "question": "Which city is known as the Silicon Valley of India?", "options": ["Mumbai", "Delhi", "Hyderabad", "Bangalore"], "answer": 3 },
  { "question": "What is the main ingredient in guacamole?", "options": ["Tomato", "Onion", "Avocado", "Pepper"], "answer": 2 },
  { "question": "Which series features the 'Iron Throne'?", "options": ["The Witcher", "Lord of the Rings", "Game of Thrones", "Vikings"], "answer": 2 },
  { "question": "Who was the first man on the moon?", "options": ["Buzz Aldrin", "Neil Armstrong", "Yuri Gagarin", "Michael Collins"], "answer": 1 },
  { "question": "What is the square root of 144?", "options": ["10", "11", "12", "14"], "answer": 2 },
  { "question": "Which language has the most native speakers?", "options": ["English", "Spanish", "Mandarin Chinese", "Hindi"], "answer": 2 },
  { "question": "Which bird is the fastest diver?", "options": ["Eagle", "Peregrine Falcon", "Hawk", "Owl"], "answer": 1 },
  { "question": "What year did the iPhone first release?", "options": ["2005", "2007", "2009", "2010"], "answer": 1 },
  { "question": "Which continent is the Sahara Desert in?", "options": ["Asia", "Africa", "South America", "Australia"], "answer": 1 },
  { "question": "What connects muscles to bones?", "options": ["Ligaments", "Tendons", "Cartilage", "Skin"], "answer": 1 },
  { "question": "Which car brand has a horse logo?", "options": ["Lamborghini", "Ferrari", "Bugatti", "Jaguar"], "answer": 1 }
]